"00000000000200C0",0,1,6,0,"x","0006430000000000",1,2,0,5,"x","000000010100C020",2,7,4,0,"?","0000000000060180",3,0,7,0,"x","000108E000000000",4,0,3,4,"x","0024610000000000",5,3,0,5,"x","0000860C00000000",6,1,0,4,"?","00000041C0800000",7,0,3,2,"x","0000000000020380",8,7,7,0,"x","00000000000301C0",9,6,6,0,"x","0012210000000000",10,1,0,5,"x","00000000000401E0",11,0,5,0,"x"
"0000000000020180",0,0,7,0,"x","0000000C10180000",1,2,0,2,"x","0000008101808000",2,7,4,1,"?","0036000000000000",3,0,0,7,"x","0000000003810040",4,2,4,0,"x","0000000000030380",5,2,6,0,"x","000000020300C000",6,1,4,1,"?","0000087040000000",7,0,2,3,"x","0000E10000000000",8,3,0,5,"x","0000000000180C02",9,1,0,0,"x","0000000000078000",10,0,5,1,"x","000000000003C010",11,2,4,0,"x"
"0000000002030000",0,0,6,1,"x","0000000018100C00",1,2,0,1,"x","0000000203010040",2,1,5,0,"x","0000000000000C03",3,0,0,0,,"0000104380000000",4,0,4,3,"x","0000000003070000",5,2,5,1,"x","0001860800000000",6,3,1,4,"?","00008E1000000000",7,0,1,4,"x","0000000003010040",8,2,5,0,"x","00000000000601C0",9,0,6,0,"x","0000000202010040",10,1,6,0,"x","0012230000000000",11,3,0,5,"x"
"0026000000000000",0,1,0,7,"x","0000620C00000000",1,2,0,4,"x","0000000000003C04",2,4,0,0,"x","00000060C0000000",3,0,3,3,,"0025C00000000000",4,0,1,6,"x","0007C00000000000",5,2,0,6,"x","0000000301804000",6,3,4,1,"?","0000000004070080",7,0,6,0,"x","0034400000000000",8,2,0,6,"x","0000CE0000000000",9,6,1,5,"x","0001E00000000000",10,0,0,6,"x","0000000000003C08",11,4,0,0,"x"
"0004600000000000",0,1,0,6,"x","0000030818000000",1,2,0,3,"x","0001E40000000000",2,4,0,5,"x","00000000C0C00000",3,0,3,2,,"0000E10400000000",4,3,0,4,"x","0016420000000000",5,5,0,5,"x","0006C40000000000",6,2,0,5,"x","0000000002038040",7,0,5,0,"x","0000000002010060",8,4,5,0,"x","00008C3000000000",9,3,2,4,"x","0024420000000000",10,1,1,5,"x","0034420000000000",11,1,0,5,"x"
"0000086000000000",0,0,3,4,"x","000AE00000000000",1,1,0,6,"x","0000008103008000",2,3,5,1,"x","000000000000C030",3,0,4,0,,"00089C0000000000",4,0,2,5,"x","0000000008180802",5,5,0,0,"x","0008C30000000000",6,1,0,5,"x","0000000103808000",7,0,4,1,"x","0024600000000000",8,4,0,6,"x","00000000000700C0",9,2,6,0,"x","0000001020201000",10,1,2,1,,"0000000302010040",11,1,5,0,"x"
"00008C0000000000",0,0,2,5,"x","00000000060100C0",1,0,6,0,"x","0000000202030040",2,3,6,0,"x","0000186000000000",3,0,3,4,,"0000000004020380",4,0,7,0,"x","00000000000600E0",5,4,5,0,"x","0000000004030060",6,1,5,0,"x","002E400000000000",7,0,0,6,"x","0000000000070040",8,3,6,0,"x","0026600000000000",9,7,0,6,"x","0000420810000000",10,1,1,3,,"0001E10000000000",11,2,0,5,"x"
"0000000103000000",0,0,5,2,"x","0000000000180803",1,2,0,0,"x","0016210000000000",2,5,0,5,"x","00018C0000000000",3,0,2,5,,"0000E41000000000",4,2,0,4,"x","0000000000030070",5,4,4,0,"x","0000086180000000",6,0,3,3,"x","0000000000101C02",7,0,0,0,"x","0000000202030000",8,0,6,1,"x","0000E30000000000",9,2,0,5,"x","0000020810100000",10,1,1,2,,"00000000000081E0",11,6,5,0,"x"
"0000004180000000",0,0,4,3,"x","00000000000501C0",1,1,6,0,"x","0004C20800000000",2,5,1,4,"x","00000C3000000000",3,0,2,4,,"0000000002010070",4,1,4,0,"x","0000000000000C0E",5,2,0,0,"x","0000004183000000",6,0,4,2,"x","0004E20000000000",7,0,0,5,"x","0000008103000000",8,0,5,2,"x","00000860C0000000",9,3,3,3,"x","0000000810100800",10,1,1,1,,"0004420C00000000",11,7,0,4,"x"
"0000000000060080",0,3,7,0,"x","0000000000070140",1,3,6,0,"x","000000000003C040",2,4,4,0,"x","0000000000C06000",3,0,3,1,,"0000008107000000",4,0,5,2,"x","0026210000000000",5,1,0,5,"x","0000000103030000",6,0,5,1,"x","0000001070200000",7,0,1,2,,"0000104180000000",8,0,4,3,"x","0004630000000000",9,7,0,5,"x","0000000020201004",10,1,2,0,,"0000000202010060",11,7,5,0,"x"
"0000000000060100",0,2,7,0,"x","000000000000E028",1,3,3,0,"x","0000000000078080",2,4,5,0,"x","0000000000006018",3,0,3,0,,"00000000020101C0",4,0,6,0,"x","0004610400000000",5,1,0,4,"x","0000000002030180",6,0,6,0,"x","000010E080000000",7,0,3,3,,"0000000000180802",8,2,0,0,"x","00000C7000000000",9,6,2,4,"x","0000000000003C00",10,0,0,1,,"0001E80000000000",11,4,0,5,"x"
"0000000000030080",0,2,6,0,"x","0000000000007014",1,3,2,0,"x","0000000000078040",2,2,5,0,"x","0000000303000000",3,0,5,2,,"0000000202070000",4,0,6,1,"x","0000000187000000",5,2,4,2,"x","0000000006018020",6,3,5,0,"x","000000000101C020",7,0,4,0,,"00000000000401C0",8,1,6,0,"x","00000061C0000000",9,6,3,3,"x","0004420800000000",10,1,1,4,,"0000000000007810",11,4,1,0,"x"
"0000000000030040",0,3,6,0,"x","00000000000380A0",1,3,5,0,"x","0056200000000000",2,3,0,6,"x","0000000003018000",3,0,5,1,,"005E000000000000",4,0,0,7,"x","0000006380000000",5,2,3,3,"x","0000000003030080",6,2,5,0,"x","0000000081C04000",7,0,3,1,,"0000000004020180",8,0,7,0,"x","0004C60000000000",9,3,1,5,"x","0002210400000000",10,1,0,4,,"0032210000000000",11,5,0,5,"x"
"0032000000000000",0,3,0,7,"x","000000000001C050",1,3,4,0,"x","0000000000003C02",2,2,0,0,"x","0000000006030000",3,0,6,1,,"0012E00000000000",4,0,0,6,"x","00000CE000000000",5,2,2,4,"x","0000000183010000",6,2,4,1,"x","0000021C10000000",7,0,0,3,,"0000004380000000",8,7,4,3,"x","0036200000000000",9,5,0,6,"x","0000210408000000",10,1,0,3,,"00000C1020200000",11,5,2,2,
"0000000000000C02",0,2,0,0,"x","0000000003010060",1,2,5,0,"x","0001E20000000000",2,2,0,5,"x","00000000000300C0",3,0,6,0,,"0001C82000000000",4,2,1,4,,"0000DC0000000000",5,2,1,5,"x","000C610000000000",6,3,0,5,"x","0000000838100000",7,0,0,2,,"000008E000000000",8,7,3,4,"x","0016600000000000",9,3,0,6,"x","000000F000000000",10,0,2,4,,"0000003020201000",11,5,2,1,
"0000000000040180",0,1,7,0,"x","0034600000000000",1,2,0,6,"x","0001086040000000",2,3,3,3,"x","0000000181800000",3,0,4,2,,"00000E2040000000",4,2,1,3,,"00088C2000000000",5,7,2,4,"x","0000000006060100",6,2,6,0,"x","0000000207010000",7,0,5,1,,"00009C0000000000",8,7,2,5,"x","0000000183800000",9,6,4,2,"x","0000000010100802",10,1,1,0,,"0000060810100000",11,5,1,2,
"0034000000000000",0,2,0,7,"x","000000000000380A",1,3,1,0,"x","0000104180800000",2,3,4,2,"x","000000000180C000",3,0,4,1,,"0000000000381004",4,2,0,0,,"0024C40000000000",5,7,1,5,"x","0000CC2000000000",6,2,1,4,"x","0000000000203804",7,0,1,0,,"0000000002070000",8,7,6,1,"x","0000000000070180",9,4,6,0,"x","0052200000000000",10,1,0,6,,"0000006040402000",11,5,3,1,
"0006400000000000",0,2,0,6,"x","0000000000001C05",1,3,0,0,"x","0024C20000000000",2,3,1,5,"x","0000000000018060",3,0,5,0,,"0000000000E04010",4,2,2,0,,"0056400000000000",5,7,0,6,"x","003C800000000000",6,2,0,6,"x","0000008381000000",7,0,4,2,,"00000000000101C0",8,7,6,0,"x","0036400000000000",9,1,0,6,"x","0000000000780000",10,0,0,2,,"00000000C0402008",11,5,3,0,
"0004C00000000000",0,0,1,6,"x","0032600000000000",1,0,0,6,"x","00088C1000000000",2,3,2,4,"x","000000C180000000",3,0,4,3,,"00000000E0804000",4,2,2,1,,"0000004181008000",5,5,4,1,"x","0000006181000000",6,2,3,2,"x","0000000010380800",7,0,0,1,,"0000000107000000",8,7,5,2,"x","0000000003018040",9,1,5,0,"x","000000000000000F",10,0,0,0,,"0001841020000000",11,5,2,3,
"0016000000000000",0,0,0,7,"x","00001840C0000000",1,2,3,3,,"0000000002078000",2,6,5,1,"x","0000003060000000",3,0,2,3,,"0000007080800000",4,2,2,2,,"0000000202030080",5,7,6,0,"x","00000C6080000000",6,2,2,3,"x","0009C40000000000",7,0,1,5,,"0000000000070100",8,5,6,0,"x","0000000003038000",9,6,5,1,"x","0000004080804000",10,1,4,1,,"0000001810100800",11,5,1,1,
"0000000181000000",0,2,4,2,,"0000000000300806",1,0,1,0,,"00000000000203C0",2,6,6,0,"x","0000000000180C00",3,0,0,1,,"0000000003804010",4,3,4,0,,"0000008103010000",5,7,5,1,"x","00008C6000000000",6,0,2,4,"x","0000000000407008",7,0,2,0,,"0000E40000000000",8,5,0,5,"x","000CE00000000000",9,0,0,6,"x","0000000080804010",10,1,4,0,,"00000001E1000000",11,4,2,2,
"0000184000000000",0,2,3,4,,"0000000038280000",1,3,0,2,,"0000000107800000",2,6,4,2,"x","0006600000000000",3,0,0,6,,"00000000E0201000",4,3,2,1,,"0000104181000000",5,7,4,2,"x","0004CC0000000000",6,0,1,5,"x","0000043820000000",7,0,1,3,,"0000000000001C04",8,5,0,0,"x","0000000000001C06",9,4,0,0,"x","0001082040000000",10,1,3,3,,"0000000060201004",11,5,2,0,
"0000000001808000",0,2,4,1,,"0000000001808030",1,2,4,0,,"00000000000101E0",2,6,5,0,"x","0000000000301800",3,0,1,1,,"00001C4080000000",4,2,2,3,,"0001086080000000",5,7,3,3,"x","0016C00000000000",6,0,0,6,"x","0000000020701000",7,0,1,1,,"0005C00000000000",8,7,1,6,"x","0000000004060180",9,3,7,0,"x","0000008101008000",10,1,5,1,,"000C420800000000",11,5,1,4,
"000000000000C020",0,2,4,0,,"000000018100C000",1,2,4,1,,"0024620000000000",2,7,0,5,"x","0000000000001806",3,0,1,0,,"0000000001C08020",4,2,3,0,,"0000086080800000",5,5,3,2,"x","0000000000080C06",6,0,0,0,"x","0000000040E02000",7,0,2,1,,"001E000000000000",8,7,0,7,"x","0000000002018060",9,7,5,0,"x","0000000101008020",10,1,5,0,,"0000C20810000000",11,5,1,3,
"0000000000006010",0,2,3,0,,"000000C101800000",1,2,4,2,,"0000000202018040",2,7,5,0,"x","0000000C18000000",3,0,0,3,,"0000000038201000",4,2,0,1,,"00008C2040000000",5,5,2,3,"x","000018C100000000",6,2,3,3,,"00011C2000000000",7,0,2,4,,"0032200000000000",8,6,0,6,"x","0000E60000000000",9,4,0,5,"x","0000104080800000",10,1,4,2,,"0000000478000000",11,6,0,3,
"0000000000C04000",0,2,3,1,,"0000001C28000000",1,3,0,3,,"0000000010100C02",2,7,0,0,"x","0000000018180000",3,0,0,2,,"0000001C20200000",4,2,0,2,,"0004C41000000000",5,5,1,4,"x","0000000001818040",6,2,4,0,,"000000000080E010",7,0,3,0,,"0001086000000000",8,0,3,4,"x","00000000020300C0",9,3,6,0,"x","0008841000000000",10,1,2,4,,"0000000008780000",11,6,0,2,
"00000000C0800000",0,2,3,2,,"0000000001C0A000",1,3,3,1,,"0004430800000000",2,7,0,4,"x","0000630000000000",3,0,0,5,,"0000000007008020",4,3,5,0,,"0012620000000000",5,7,0,5,"x","0000000306020000",6,2,5,1,,"00000020E0400000",7,0,2,2,,"0024C00000000000",8,0,1,6,"x","0000000006030040",9,5,6,0,"x","0000841020000000",10,1,2,3,,"000000C080804000",11,5,4,1,
"0000006080000000",0,2,3,3,,"0000000302018000",1,2,5,1,,"0000004180804000",2,5,4,1,"x","0000030C00000000",3,0,0,4,,"000000020201C000",4,1,4,1,,"0000000008080C02",5,7,0,0,"x","0000000010303000",6,0,1,1,,"0000470800000000",7,0,0,4,,"0056000000000000",8,0,0,7,"x","0000000103018000",9,3,5,1,"x","0000041020200000",10,1,2,2,,"0000000020201006",11,7,1,0,
"0000000000180400",0,3,0,1,,"00000000060200C0",1,2,6,0,,"0000000103008020",2,5,5,0,"x","000000000000300C",3,0,2,0,,"00000000040200E0",4,1,5,0,,"0000000000070060",5,6,5,0,"x","00000000C1808000",6,2,3,1,,,,,,,,"00088C0000000000",8,0,2,5,"x","0000004181800000",9,3,4,2,"x","0000082040400000",10,1,3,2,,"00002F0000000000",11,6,0,5,
"0000000006020000",0,2,6,1,,"0000000000381400",1,3,0,1,,"00008C1020000000",2,5,2,3,"x","000CC00000000000",3,0,1,6,,"0000000000702008",4,2,1,0,,"0000000103010040",5,5,5,0,"x","007C000000000000",6,0,0,7,,,,,,,,"0012600000000000",8,0,0,6,"x","0006E00000000000",9,6,0,6,"x","0000002040402000",10,1,3,1,,"0000013C00000000",11,6,0,4,
"0000010C00000000",0,0,0,4,,"000C860000000000",1,2,1,5,,"0000086040400000",2,5,3,2,"x","0000000060600000",3,0,2,2,,"0000000070402000",4,2,1,1,,"0000000000001C0C",5,0,0,0,"x","0000231800000000",6,0,0,4,,,,,,,,"000000E100000000",8,5,3,3,,"003E000000000000",9,6,0,7,"x","0000000040402008",10,1,3,0,,"0000000180804010",11,5,4,0,
"0000000000000C01",0,3,0,0,,"000000000060200C",1,2,2,0,,"000008F000000000",2,6,2,4,"x","0000000000603000",3,0,2,1,,"0000003840400000",4,2,1,2,,"00000001C3000000",5,0,3,2,"x","0000006060200000",6,3,2,2,,,,,,,,"00000001C1000000",8,5,3,2,,"000000000180C010",9,5,4,0,,"000000000000003C",10,0,2,0,,"0000182040400000",11,5,3,2,
"0000000418000000",0,0,0,3,,"0000000060403000",1,2,2,1,,"00000043C0000000",2,6,3,3,"x","0000001830000000",3,0,1,3,,"0000071020000000",4,2,0,3,,"0000000003830000",5,0,4,1,"x","0000000000406030",6,0,3,0,,,,,,,,"0000000000007010",8,5,2,0,,"0000061810000000",9,5,1,3,,"00001E0000000000",10,0,1,5,,"0000000000083C00",11,6,0,1,
"0000000000018040",0,2,5,0,,"0000001820300000",1,2,1,2,,"0005E00000000000",2,6,0,6,"x","0000000030300000",3,0,1,2,,"0000000380804000",4,3,4,1,,"0000000000038180",5,0,5,0,"x","000000C302000000",6,2,4,2,,,,,,,,"0001C80000000000",8,5,1,5,,"0000000181804000",9,5,4,1,,"0000007800000000",10,0,1,4,,"000000000000040F",11,6,0,0,
"000000C100000000",0,2,4,3,,"0000061030000000",1,2,1,3,,"00009E0000000000",2,6,1,5,"x","0000C60000000000",3,0,1,5,,"000E840000000000",4,2,0,5,,"0000EC0000000000",5,0,0,5,"x","0002660000000000",6,0,0,5,,,,,,,,"0000000003810000",8,5,4,1,,"0008C60000000000",9,7,1,5,,"00000001E0000000",10,0,2,3,,"0000000301008020",11,5,5,0,
"0000000302000000",0,2,5,2,,"0000C41800000000",1,2,1,4,,"0026420000000000",2,1,0,5,"x","0000061800000000",3,0,1,4,,"000E210000000000",4,3,0,5,,"00000E6000000000",5,0,1,4,"x","000D880000000000",6,2,1,5,,,,,,,,"000000000001C040",8,5,4,0,,"0000000030300800",9,5,1,1,,"0000000001E00000",10,0,2,2,,"0000000001E08000",11,4,2,1,
"0000000003010000",0,2,5,1,,"0000000000C04018",1,2,3,0,,"0000087800000000",2,0,1,4,"x",,,,,,,"0000000000E01004",4,3,2,0,,"0000007180000000",5,0,2,3,"x","000000000010180C",6,0,1,0,,,,,,,,"000000000000E020",8,5,3,0,,"0000001830100000",9,5,1,2,,"000000000000F000",10,0,2,1,,"00000000F0800000",11,4,1,2,
"0000000030200000",0,2,1,2,,"00000000C0806000",1,2,3,1,,"0000000010180802",2,1,0,0,"x",,,,,,,"00000001C1008000",4,2,3,1,,"0000008302010000",5,5,5,1,,"0000000030602000",6,2,1,1,,,,,,,,"00001C4000000000",8,5,2,4,,"0000003060200000",9,5,2,2,,"000000000000001E",10,0,1,0,,"0000000003C10000",11,4,3,1,
"0000000000301000",0,2,1,1,,"0000006080C00000",1,2,3,2,,"0004620800000000",2,1,0,4,"x",,,,,,,"0000070408000000",4,3,0,3,,"0000000818080400",5,1,0,1,,"0000001860400000",6,2,1,2,,,,,,,,"0000007080000000",8,5,2,3,,"00018C1000000000",9,5,2,4,,"0000003C00000000",10,0,0,4,,"000000000001E040",11,4,3,0,
"0000061000000000",0,2,1,4,,"0000003040600000",1,2,2,2,,"00008F0000000000",2,0,0,5,"x",,,,,,,"0000007020200000",4,3,2,2,,"0000000081808020",5,5,4,0,,"0000063040000000",6,2,1,3,,,,,,,,"0000000000E04000",8,5,2,1,,"000CC20000000000",9,5,1,5,,"00000F0000000000",10,0,0,5,,"000000F100000000",11,4,2,3,
"0000001820000000",0,2,1,3,,"00000C2060000000",1,2,2,3,,"000000000203C000",2,0,4,1,"x",,,,,,,"00000E0810000000",4,3,1,3,,"00000038C0000000",5,0,1,3,,"0001984000000000",6,2,2,4,,,,,,,,"0000000001C08000",8,5,3,1,,"0000000000C06008",9,5,3,0,,"00000000F0000000",10,0,1,3,,"0000000000F04000",11,4,1,1,
"0002600000000000",0,0,0,6,,"0001883000000000",1,2,2,4,,"0000000103C00000",2,0,3,2,"x",,,,,,,"0001C20800000000",4,3,1,4,,"000010C101000000",5,5,4,2,,"0000000000C0C020",6,2,3,0,,,,,,,,"00000000E0800000",8,5,2,2,,"0000000060601000",9,5,2,1,,"0000000000F00000",10,0,1,2,,"0000107800000000",11,0,1,4,
"0000620000000000",0,2,0,5,,"00000001C1400000",1,3,3,2,,"00000041E0000000",2,0,2,3,"x",,,,,,,"0000000000700802",4,3,1,0,,"0001184080000000",5,5,3,3,,"0000000000606010",6,2,2,0,,,,,,,,"0000000000080403",8,0,0,0,,"0000000000603004",9,5,2,0,,"0000000000007800",10,0,1,1,,"000000000000F020",11,4,2,0,
"0000000000001804",0,2,1,0,,"000000E140000000",1,3,3,3,,"00000000000201E0",2,0,5,0,"x",,,,,,,"0000000070100800",4,3,1,1,,"0000000040C04010",5,5,3,0,,"0000000060C04000",6,2,2,1,,,,,,,,"0006210000000000",8,6,0,5,,"00000C3020000000",9,5,2,3,,"0000010408080000",10,1,0,2,,"00001E4000000000",11,4,1,4,
"0000230000000000",0,0,0,5,,"00000070A0000000",1,3,2,3,,"0000023C00000000",2,6,0,4,,,,,,,,"0000003810100000",4,3,1,2,,"0009882000000000",5,5,2,4,,"00000030C0800000",6,2,2,2,,,,,,,,"0000610400000000",8,6,0,4,,"0000186040000000",9,5,3,3,,"0000000078000000",10,0,0,3,,"0000007880000000",11,4,1,3,
"0000003040000000",0,2,2,3,,"00001C5000000000",1,3,2,4,,"0001182040000000",2,5,3,3,,,,,,,,"000000E101000000",4,2,3,2,,"0001D80000000000",5,0,1,5,,"0000183020000000",6,3,2,3,,,,,,,,"0000030408000000",8,6,0,3,,"0000C60800000000",9,5,1,4,,"00000000000001E0",10,0,5,0,,"0000610408000000",11,5,0,3,
"0000000060400000",0,2,2,2,,"0000030418000000",1,0,0,3,,"00001040C0800000",2,7,3,2,,,,,,,,"0000000000380401",4,3,0,0,,"00000020C0804000",5,5,3,1,,"000000000300C010",6,3,4,0,,,,,,,,"0000000030100800",8,6,1,1,,"00000000C0C02000",9,5,3,1,,"0000000007800000",10,0,4,2,,"0000030408080000",11,5,0,2,
"0001880000000000",0,2,2,5,,"0000000018080C00",1,0,0,1,,"0000000081E00000",2,0,2,2,,,,,,,,"000000E040400000",4,3,3,2,,"00000000E0300000",5,6,1,2,,"0000060C08000000",6,3,0,3,,,,,,,,"0000000000300802",8,6,1,0,,"00000060C0400000",9,5,3,2,,"0000000408080400",10,1,0,1,,"0000000007820000",11,4,4,1,
"00000C2000000000",0,2,2,4,,"0000000007028000",1,3,5,1,,"0000000081804010",2,5,4,0,,,,,,,,"00000001C0402000",4,3,3,1,,"0001C30000000000",5,6,0,5,,"0000000000C03004",6,3,2,0,,,,,,,,"0000000010101800",8,0,1,1,,"00000001C1800000",9,4,3,2,,"0000000008080401",10,1,0,0,,"0000000030100802",11,5,1,0,
"000C800000000000",0,2,1,6,,"0000000000180403",1,0,0,0,,"00000020C0402000",2,5,3,1,,,,,,,,"0000000001C02008",4,3,3,0,,"00000E0C00000000",5,6,0,4,,"00000000C0601000",6,3,2,1,,,,,,,,"0000000C08080000",8,6,0,2,,"00000070C0000000",9,4,2,3,,"00000000000003C0",10,0,6,0,,"0000002078000000",11,0,0,3,
"0000C40000000000",0,2,1,5,,"0000000C08180000",1,0,0,2,,"0000000000203C00",2,0,0,1,,,,,,,,"0000000038080400",4,3,0,1,,"0000000000E01800",5,6,1,1,,"0000000008181800",6,0,0,1,,,,,,,,"0000000007020000",8,5,5,1,,"00000000E0C00000",9,4,2,2,,"0000000003C00000",10,0,3,2,,"0006210400000000",11,5,0,4,
"0000000000602000",0,2,2,1,,"0000000003814000",1,3,4,1,,"0009841000000000",2,5,2,4,,,,,,,,"0000001C08080000",4,3,0,2,,"0000000000007006",5,6,1,0,,"0009980000000000",6,0,2,5,,,,,,,,"0000000000038080",8,5,5,0,,"0000000000E06000",9,4,2,1,,"000000000001E000",10,0,3,1,,"000000000003C080",11,4,4,0,
"0000000000003008",0,2,2,0,,"0000000382800000",1,3,4,2,,"0000000020780000",2,0,0,2,,,,,,,,"0000000382010000",4,2,4,1,,"0000003818000000",5,6,0,3,,"0000000001806008",6,3,3,0,,,,,,,,"0000000382000000",8,5,4,2,,"0000000001C0C000",9,4,3,1,,"0000000000000078",10,0,3,0,,"00000003C2000000",11,4,3,2,
"0000000000000403",0,0,0,0,,"0006230000000000",1,0,0,5,,"0000000040C02008",2,5,3,0,,,,,,,,"0000000007020080",4,2,5,0,,"0000000000003803",5,6,0,0,,"0000000180C02000",6,3,3,1,,,,,,,,"0000000018080400",8,6,0,1,,"000000000000E030",9,4,3,0,,"000000000003C000",10,0,4,1,,"0000000C08080400",11,5,0,1,
"0000006040000000",0,3,3,3,,"0000000000702800",1,3,1,1,,"0000000000103C00",2,6,0,1,,,,,,,,"00001C1020000000",4,3,2,3,,"0000000206020080",5,5,6,0,,"000000C0C0400000",6,3,3,2,,,,,,,,"0000000000180401",8,6,0,0,,"00001C6000000000",9,4,2,4,,"00000000000000F0",10,0,4,0,,"0000000018080401",11,5,0,0,
"00000000C0400000",0,3,3,2,,"0000000070500000",1,3,1,2,,"000000000000080F",2,6,0,0,,,,,,,,"0000001020E00000",4,0,2,2,,"0000000070180000",5,6,0,2,,"0000C30400000000",6,3,0,4,,,,,,,,"0000000810300000",8,0,1,2,,"0000003860000000",9,4,1,3,,"00000003C0000000",10,0,3,3,,"0000000000078100",11,4,5,0,
"000000000000C010",0,3,4,0,,"0000071400000000",1,3,0,4,,"0000000878000000",2,6,0,3,,,,,,,,"00000410E0000000",4,0,2,3,,"0000000000700C00",5,6,0,1,,"0000003030100000",6,3,1,2,,,,,,,,"000000010100C000",8,4,4,1,,"0000000070600000",9,4,1,2,,,,,,,,"0024430000000000",11,7,0,5,
"0000182000000000",0,3,3,4,,"0000E50000000000",1,3,0,5,,"0000000010780000",2,6,0,2,,,,,,,,"0000002041C00000",4,0,3,2,,"0074400000000000",5,5,0,6,,"0000000000300C01",6,3,0,0,,,,,,,,"0000000001008030",8,4,4,0,,"00018C2000000000",9,1,2,4,,,,,,,,"0000000810100C00",11,7,0,1,
"0001840000000000",0,3,2,5,,"000EA00000000000",1,3,0,6,,"0000000206010040",2,5,6,0,,,,,,,,"00044E0000000000",4,0,1,5,,"0000230810000000",5,5,0,3,,"0000000030180400",6,3,0,1,,,,,,,,"00001040C0000000",8,4,3,3,,"0000000000007018",9,4,2,0,,,,,,,,"0000841030000000",11,7,1,3,
"00000C1000000000",0,3,2,4,,"0000610C00000000",1,0,0,4,,"000000000080F000",2,0,2,1,,,,,,,,"000000000020101C",4,0,2,0,,"0000010C10100000",5,5,0,2,,"0000001818080000",6,3,0,2,,,,,,,,"0000000202018000",8,4,5,1,,"0001CC0000000000",9,4,1,5,,,,,,,,"0000041020300000",11,7,1,2,
"0000000000C02000",0,3,3,1,,"0000000000E05000",1,3,2,1,,"000010C080800000",2,5,4,2,,,,,,,,"0000000020207000",4,0,2,1,,"00000000E1800000",5,0,2,2,,"00000C1810000000",6,3,1,3,,,,,,,,"0004460000000000",8,0,1,5,,"00000E3000000000",9,4,1,4,,,,,,,,"0000001020201800",11,7,1,1,
"0000000000006008",0,3,3,0,,"00000000E0A00000",1,3,2,2,,"0000004080C04000",2,7,3,1,,,,,,,,"00000821C0000000",4,0,3,3,,"0002620800000000",5,5,0,4,,"0000000418300000",6,0,0,2,,,,,,,,"0000008101800000",8,4,4,2,,"0000000000301802",9,5,1,0,,,,,,,,"0000000010100803",11,7,0,0,
"0000000301000000",0,3,5,2,,"0000003850000000",1,3,1,3,,"0000008301008000",2,5,5,1,,,,,,,,"0000000000804070",4,0,4,0,,"0000000418100800",5,5,0,1,,"0000010C30000000",6,0,0,3,,,,,,,,"0000004080C00000",8,4,3,2,,"0000000C18080000",9,5,0,2,,,,,,,,"000000000000103C",11,6,2,0,
"0000000003008000",0,3,5,1,,"00000E2800000000",1,3,1,4,,"000000000101E000",2,0,3,1,,,,,,,,"0000847000000000",4,0,2,4,,"000000000601C000",5,4,4,1,,"0000000000601802",6,3,1,0,,,,,,,,"0000082060000000",8,4,2,3,,"0000000018180400",9,5,0,1,,,,,,,,"0000000000403C00",11,0,0,1,
"0000000006010000",0,3,6,1,,"0001CA0000000000",1,3,1,5,,"0002610400000000",2,5,0,4,,,,,,,,"0000000000402038",4,0,3,0,,"0000000386000000",5,0,4,2,,"0000000060300800",6,3,1,1,,,,,,,,"0000002040600000",8,4,2,2,,"0000000000180C01",9,5,0,0,,,,,,,,"0000420818000000",11,7,0,3,
"0000000000080C00",0,0,0,1,,"0000A70000000000",1,1,0,5,,"0000000010300802",2,5,1,0,,,,,,,,"000000004040E000",4,0,3,1,,"0000000010180401",5,1,0,0,,"0000000020300C00",6,1,0,1,,,,,,,,"0000000040403000",8,4,2,1,,"0006610000000000",9,5,0,5,,,,,,,,"0000020810180000",11,7,0,2,
"0000000180800000",0,3,4,2,,"00000C1060000000",1,0,2,3,,"0072200000000000",2,5,0,6,,,,,,,,"0000010438000000",4,0,0,3,,"00001CC000000000",5,0,2,4,,"0000001030180000",6,1,0,2,,,,,,,,"0000000080806000",8,4,3,1,,"0000630400000000",9,5,0,4,,,,,,,,"0000104080C00000",11,7,3,2,
"0000000001804000",0,3,4,1,,"000000000000280E",1,1,1,0,,"0000230408000000",2,5,0,3,,,,,,,,"0000211C00000000",4,0,0,4,,"0000000000007030",5,0,2,0,,"0000000000403006",6,1,1,0,,,,,,,,"0000000000804018",8,4,3,0,,"0000030C08000000",9,5,0,3,,,,,,,,"0000004080806000",11,7,3,1,
"0000000000018020",0,3,5,0,,"0000000028380000",1,1,0,2,,"0000000008180401",2,5,0,0,,,,,,,,"0000000810700000",4,0,1,2,,"0000000020602008",5,5,2,0,,"0000000081818000",6,0,4,1,,,,,,,,"0001083000000000",8,4,2,4,,"0000000003818000",9,4,4,1,,,,,,,,"0000002040403000",11,7,2,1,
"000000C080000000",0,3,4,3,,"0000001438000000",1,1,0,3,,"000000000000100F",2,0,0,0,,,,,,,,"0000000000080407",4,0,0,0,,"002C840000000000",5,5,1,5,,"0000000004060300",6,0,7,0,,,,,,,,"0000000000702000",8,5,1,1,,"000000000001C060",9,4,4,0,,,,,,,,"000000000000200F",11,0,0,0,
"0000003020000000",0,3,2,3,,"0000051C00000000",1,1,0,4,,"0000010C08080000",2,5,0,2,,,,,,,,"0000000008081C00",4,0,0,1,,"0000043040400000",5,5,2,2,,"0000000000201803",6,1,0,0,,,,,,,,"0000000000003808",8,5,1,0,,"000000E180000000",9,4,3,3,,,,,,,,"000000810100C000",11,7,4,1,
"0000000008180000",0,0,0,2,,"00000A3800000000",1,1,1,4,,"0000000418080400",2,5,0,1,,,,,,,,"0000000408380000",4,0,0,2,,"0000001060402000",5,5,2,1,,"0000000040601800",6,1,1,1,,,,,,,,"000E800000000000",8,5,0,6,,"0000000007030000",9,4,5,1,,,,,,,,"0000000101008030",11,7,4,0,
"0006200000000000",0,3,0,6,,"00014E0000000000",1,1,1,5,,"0000001060201000",2,5,2,1,,,,,,,,"0000020870000000",4,0,1,3,,"0000000000E0C000",5,0,2,1,,"0000000000181804",6,2,0,0,,,,,,,,"00000E2000000000",8,5,1,4,,"00000000000380C0",9,4,5,0,,,,,,,,"000000004040200C",11,7,2,0,
"0000000000300800",0,3,1,1,,"0000000060203000",1,0,2,1,,"0000000020601004",2,5,2,0,,,,,,,,"0000423800000000",4,0,1,4,,"0000000830201000",5,5,1,1,,"0000041818000000",6,1,0,3,,,,,,,,"0000003840000000",8,5,1,3,,"0000000383000000",9,4,4,2,,,,,,,,"0008841800000000",11,7,1,4,
"0000000000001802",0,3,1,0,,"0000000000503800",1,1,1,1,,"000010F000000000",2,0,2,4,,,,,,,,"0002270000000000",4,0,0,5,,"0000000010301004",5,5,1,0,,"0000000000203018",6,0,2,0,,,,,,,,"0000000070400000",8,5,1,2,,"0000000020301800",9,7,1,1,,,,,,,,"0000000080804018",11,7,3,0,
"0000000C08000000",0,3,0,3,,"0000000050700000",1,1,1,2,,"0000043020200000",2,5,2,2,,,,,,,,"000000000010080E",4,0,1,0,,"0000461020000000",5,5,1,3,,"002D800000000000",6,0,1,6,,,,,,,,"0000020830000000",8,0,1,3,,"0000000000201806",9,7,1,0,,,,,,,,"0001082060000000",11,7,2,3,
"0000000018080000",0,3,0,2,,"0000002870000000",1,1,1,3,,"002C420000000000",2,5,1,5,,,,,,,,"0000000010103800",4,0,1,1,,"0000021820200000",5,5,1,2,,"00000430C0000000",6,0,2,3,,,,,,,,"0000000000381000",8,5,0,1,,"0000430C00000000",9,7,0,4,,,,,,,,"0000082040600000",11,7,2,2,
"0000610000000000",0,3,0,5,,"00001820C0000000",1,0,3,3,,"0000021810100000",2,5,1,2,,,,,,,,"0001083800000000",4,1,1,4,,"0000073000000000",5,0,0,4,,"0000008306000000",6,0,5,2,,,,,,,,"0000421800000000",8,0,1,4,,"0000861800000000",9,7,1,4,,,,,,,,"00005E0000000000",11,6,1,5,
"0000030400000000",0,3,0,4,,"0000000001804030",1,0,4,0,,"0000000830100800",2,5,1,1,,,,,,,,"000000000080401C",4,1,2,0,,"0000001020602000",5,7,2,1,,"00000020C1800000",6,0,3,2,,,,,,,,"00000000040200C0",8,4,6,0,,"0000041830000000",9,7,1,3,,,,,,,,"0000000000107800",11,6,1,1,
"0000000000003004",0,3,2,0,,"000000018080C000",1,0,4,1,,"0000000000008078",2,0,3,0,,,,,,,,"0000000001008038",4,1,3,0,,"0000000020203008",5,7,2,0,,"000118C000000000",6,0,3,4,,,,,,,,"0000071000000000",8,5,0,4,,"0000001030300000",9,7,1,2,,,,,,,,"00000011E0000000",11,6,2,3,
"000C400000000000",0,3,1,6,,"0000000000C02018",1,0,3,0,,"0000460810000000",2,5,1,3,,,,,,,,"0000000040403800",4,1,1,1,,"0000843040000000",5,7,2,3,,"000000000080C060",6,0,4,0,,,,,,,,"0000001C20000000",8,5,0,3,,"0000020C18000000",9,7,0,3,,,,,,,,"0000000021E00000",11,6,2,2,
"0000000060200000",0,3,2,2,,"00000000C0406000",1,0,3,1,,"0000000040403008",2,7,2,0,,,,,,,,"0000002040700000",4,1,1,2,,"0000041060400000",5,7,2,2,,"0000000020606000",6,0,2,1,,,,,,,,"0000000038200000",8,5,0,2,,"0000000000060380",9,6,7,0,,,,,,,,"000000000020F000",11,6,2,1,
"0000000000601000",0,3,2,1,,"0000006040C00000",1,0,3,2,,"0000000810180800",2,7,0,1,,,,,,,,"0000082070000000",4,1,1,3,,"0000430408000000",5,1,0,3,,"0000000206060000",6,0,6,1,,,,,,,,"0000000020E00000",8,7,2,2,,"0000000006070000",9,6,6,1,,,,,,,,"000000000000081E",11,6,1,0,
"0000001810000000",0,3,1,3,,"0001843000000000",1,0,2,4,,"0001083040000000",2,7,2,3,,,,,,,,"000000010100E000",4,1,3,1,,"0000020830200000",5,7,1,2,,"000010C300000000",6,0,4,3,,,,,,,,"0000000000207000",8,7,2,1,,"0000000307000000",9,6,5,2,,,,,,,,"0003E00000000000",11,6,0,6,
"0000000030100000",0,3,1,2,,"0000000000001407",1,1,0,0,,"0000082060400000",2,7,2,2,,,,,,,,"0000008101C00000",4,1,3,2,,"0000000810301000",5,7,1,1,,"00000000010180C0",6,0,5,0,,,,,,,,"000000000000101C",8,7,2,0,,"0000000818180000",9,7,0,2,,,,,,,,"0000027800000000",11,6,1,4,
"0000C20000000000",0,3,1,5,,"0000000000281C00",1,1,0,1,,"0000020818100000",2,7,0,2,,,,,,,,"0000000080807000",4,1,2,1,,"0004461000000000",5,7,1,4,,"0000001060C00000",6,0,2,2,,,,,,,,"0000000000002038",8,7,3,0,,"0000000010180C00",9,7,0,1,,,,,,,,"00000008F0000000",11,6,1,3,
"0000060800000000",0,3,1,4,,"000000C081800000",1,0,4,2,,"0009E00000000000",2,0,0,6,,,,,,,,"0000004080E00000",4,1,2,2,,"0000421820000000",5,7,1,3,,"0000000018301000",6,2,0,1,,,,,,,,"0000047000000000",8,7,2,4,,"0000000000100C03",9,7,0,0,,,,,,,,"0000000010F00000",11,6,1,2,
"0000000206000000",0,0,6,2,,"0000000003008060",1,0,5,0,,"0000000040F00000",2,0,1,2,,,,,,,,"00001040E0000000",4,1,2,3,,"0000020C08080000",5,1,0,2,,"0000021860000000",6,0,1,3,,,,,,,,"00000010E0000000",8,7,2,3,,"00000000040300C0",9,7,6,0,,,,,,,,"0000000087800000",11,6,4,2,
"0000021800000000",0,0,1,4,,"0000000301018000",1,0,5,1,,"000000000103C000",2,6,4,1,,,,,,,,"0000000101038000",4,0,5,1,,"0000000038600000",5,0,0,2,,"000000000080600C",6,1,2,0,,,,,,,,"00004E0000000000",8,7,1,5,,"000000000100C030",9,7,4,0,,,,,,,,"000000000083C000",11,6,4,1,
"0000000004060000",0,0,7,1,,"000000000060100C",1,0,2,0,,"000000000000201E",2,0,1,0,,,,,,,,"0000000000201007",4,1,0,0,,"0000004081808000",5,7,4,1,,"0000000040C0C000",6,0,3,1,,,,,,,,"0000000000103800",8,7,1,1,,"00001060C0000000",9,7,3,3,,,,,,,,"000000000041E000",11,6,3,1,
"0000000830000000",0,0,1,3,,"000C460000000000",1,0,1,5,,"0000000000407800",2,0,1,1,,,,,,,,"0000841C00000000",4,1,0,4,,"0000000000383000",5,0,0,1,,"0000463000000000",6,0,1,4,,,,,,,,"000000000000080E",8,7,1,0,,"00000040C0C00000",9,7,3,2,,,,,,,,"00000000000103C0",11,6,6,0,
"0000460000000000",0,0,1,5,,"00000000000280E0",1,1,5,0,,"0000041030200000",2,7,1,2,,,,,,,,"000000008081C000",4,0,4,1,,"0000000101018040",5,7,5,0,,"0000000830600000",6,0,1,2,,,,,,,,"0000000000100806",8,0,1,0,,"0000000203018000",9,7,5,1,,,,,,,,"0000000001078000",11,6,5,1,
"0000000001018000",0,0,5,1,,"0000000005038000",1,1,5,1,,"0000001020301000",2,7,1,1,,,,,,,,"0000004083800000",4,0,4,2,,"000000008080C020",5,7,4,0,,"0000000000303008",6,2,1,0,,,,,,,,"0000023800000000",8,7,1,4,,"0000008181800000",9,7,4,2,,,,,,,,"0000000040780000",11,0,0,2,
"00000000000100C0",0,0,6,0,,"0000003020600000",1,0,2,2,,"0008861000000000",2,7,1,4,,,,,,,,"00000000010080E0",4,0,5,0,,"0000002040C04000",5,7,3,1,,"0000000C30200000",6,2,0,2,,,,,,,,"0000000870000000",8,7,1,3,,"000000010180C000",9,7,4,1,,,,,,,,"0000000000002078",11,6,3,0,
"0000008300000000",0,0,5,3,,"0000000030101800",1,0,1,1,,"0000841820000000",2,7,1,3,,,,,,,,"0008870000000000",4,1,0,5,,"0000000040406010",5,7,3,0,,"0000031820000000",6,2,0,3,,,,,,,,"0000000010700000",8,7,1,2,,"0000000080C06000",9,7,3,1,,,,,,,,"000004F000000000",11,6,2,4,
"0000020C00000000",0,1,0,4,,"0000000000301006",1,2,1,0,,"0000002040602000",2,7,2,1,,,,,,,,"000000000040200E",4,1,1,0,,"0000001C60000000",5,0,0,3,,"0000661000000000",6,2,0,4,,,,,,,,"0000000001038000",8,7,5,1,,"0000002060600000",9,7,2,2,,,,,,,,"00000000000040F0",11,6,4,0,
"0000000818000000",0,1,0,3,,"0000000030201800",1,2,1,1,,"0000043C00000000",2,0,0,4,,,,,,,,"0000000020201C00",4,1,0,1,,"00000820C0800000",5,7,3,2,,"0000000080C03000",6,1,2,1,,,,,,,,"00000000000080E0",8,7,5,0,,"0000000040603000",9,7,2,1,,,,,,,,"00000023C0000000",11,6,3,3,
"0000000010300000",0,0,1,2,,"0000C21800000000",1,0,1,4,,"0000420C10000000",2,7,0,3,,,,,,,,"0000001020380000",4,1,0,2,,"0000000000038030",5,6,4,0,,"0000000101806000",6,1,3,1,,,,,,,,"0000210C00000000",8,0,0,4,,"000000000040300C",9,7,2,0,,,,,,,,"0000000043C00000",11,6,3,2,
"0000430000000000",0,1,0,5,,"0000060830000000",1,0,1,3,,"0000000020201804",2,7,1,0,,,,,,,,"0000041038000000",4,1,0,3,,"000000000001C018",5,6,3,0,,"0000002060300000",6,1,1,2,,,,,,,,"0000000008080C00",8,0,0,1,,"0000000000806018",9,7,3,0,,,,,,,,"000000C101008000",11,1,4,1,
"0000000000000803",0,1,0,0,,"0000001810300000",1,0,1,2,,"0000001078000000",2,0,0,3,,,,,,,,,,,,,,"000000E060000000",5,6,2,3,,"0000083030000000",6,1,1,3,,,,,,,,"0000000408180000",8,0,0,2,,"00010C3000000000",9,7,2,4,,,,,,,,"00000000C0804010",11,1,3,0,
"0000000000040300",0,0,8,0,,"00000050E0000000",1,1,2,3,,"0000047800000000",2,6,1,4,,,,,,,,,,,,,,"0000000380C00000",5,6,3,2,,"00010C1800000000",6,1,1,4,,,,,,,,"0000010418000000",8,0,0,3,,"0000083060000000",9,7,2,3,,,,,,,,"0000000078080000",11,2,0,2,
"0000000010180000",0,1,0,2,,"0000147000000000",1,1,2,4,,"00000010F0000000",2,6,1,3,,,,,,,,,,,,,,"0000000003806000",5,6,3,1,,"0000008180C00000",6,1,3,2,,,,,,,,"0000000083800000",8,7,4,2,,"0000063800000000",9,6,1,4,,,,,,,,"0000000000780400",11,2,0,1,
"0000000000100C00",0,1,0,1,,"000000000000A038",1,1,3,0,,"000000000000203C",2,6,2,0,,,,,,,,,,,,,,"00000001C0600000",5,6,2,2,,"0000000002018030",6,1,4,0,,,,,,,,"00000021C0000000",8,7,3,3,,"000000000000180E",9,6,1,0,,,,,,,,"0000000000003C01",11,2,0,0,
"0000000000008060",0,0,5,0,,"000000000000501C",1,1,2,0,,"00011E0000000000",2,0,1,5,,,,,,,,,,,,,,"00001C1800000000",5,6,1,4,,"00000040C0600000",6,1,2,2,,,,,,,,"0000000041C00000",8,7,3,2,,"0000670000000000",9,6,0,5,,,,,,,,"0001882040000000",11,1,2,3,
"0009800000000000",0,0,2,6,,"0000000000A07000",1,1,2,1,,"0000000020F00000",2,6,1,2,,,,,,,,,,,,,,"0000007030000000",5,6,1,3,,"0000106060000000",6,1,2,3,,,,,,,,"000000000040E000",8,7,3,1,,"0000031C00000000",9,6,0,4,,,,,,,,"000000000100F000",11,0,2,1,
"000000000000100C",0,0,2,0,,"00000000A0E00000",1,1,2,2,,"000000000000403C",2,0,2,0,,,,,,,,,,,,,,"0000000001C03000",5,6,2,1,,"000000000100C018",6,1,3,0,,,,,,,,"000000000081C000",8,7,4,1,,"0000001870000000",9,6,1,3,,,,,,,,"0000000181008020",11,1,4,0,
"0000000000406000",0,0,3,1,,"0000000000014070",1,1,4,0,,"00004F0000000000",2,6,0,5,,,,,,,,,,,,,,"000000000000E00C",5,6,2,0,,,,,,,,,,,,,,"0000000000004070",8,7,4,0,,"0000000030700000",9,6,1,2,,,,,,,,"0000184080800000",11,1,3,2,
"0000000000002018",0,0,3,0,,"000000000281C000",1,1,4,1,,"0000000000207800",2,6,1,1,,,,,,,,,,,,,,"0000000010101804",5,7,1,0,,,,,,,,,,,,,,"0002230000000000",8,0,0,5,,"0000000000303800",9,6,1,1,,,,,,,,"0000006080804000",11,1,3,1,
"0000000020600000",0,0,2,2,,"0000000283800000",1,1,4,2,,"000000000000101E",2,6,1,0,,,,,,,,,,,,,,"0002230800000000",5,7,0,4,,,,,,,,,,,,,,"0000000000C02008",8,6,3,0,,"0000000C38000000",9,6,0,3,,,,,,,,"00001E0800000000",11,2,1,4,
"0000000000203000",0,0,2,1,,"000000000140E000",1,1,3,1,,"0000000083C00000",2,6,3,2,,,,,,,,,,,,,,"0000210C10000000",5,7,0,3,,,,,,,,,,,,,,"0001841000000000",8,6,2,4,,"0000000303008000",9,5,5,1,,,,,,,,"0000007810000000",11,2,1,3,
"0000043000000000",0,0,2,4,,"0000000141C00000",1,1,3,2,,"000000000081E000",2,6,3,1,,,,,,,,,,,,,,"000F800000000000",5,0,0,6,,,,,,,,,,,,,,"00000C1020000000",8,6,2,3,,"0000000003018020",9,5,5,0,,,,,,,,"00000040F0000000",11,0,1,3,
"0000001060000000",0,0,2,3,,"000000A1C0000000",1,1,3,3,,"00000000000080F0",2,6,4,0,,,,,,,,,,,,,,"0000000000003818",5,0,1,0,,,,,,,,,,,,,,"0000182040000000",8,6,3,3,,"000000C180800000",9,5,4,2,,,,,,,,"0000082040C00000",11,3,3,2,
"000000000080C000",0,0,4,1,,,,,,,,"00000020F0000000",2,0,1,3,,,,,,,,,,,,,,"0000010418100000",5,7,0,2,,,,,,,,,,,,,,"0000006040400000",8,6,3,2,,"0000000018380000",9,6,0,2,,,,,,,,"0000000001E01000",11,2,2,1,
"0000000000004030",0,0,4,0,,,,,,,,"0000000000004078",2,6,3,0,,,,,,,,,,,,,,"0000000070C00000",5,0,1,2,,,,,,,,,,,,,,"00000000C0402000",8,6,3,1,,"0000000000181C00",9,6,0,1,,,,,,,,"000000000000F004",11,2,2,0,
"000010C000000000",0,0,4,4,,,,,,,,"0000000041E00000",2,6,2,2,,,,,,,,,,,,,,"000000000700C000",5,6,4,1,,,,,,,,,,,,,,"0000003020200000",8,6,2,2,,"0000000000000C07",9,6,0,0,,,,,,,,"00000F0400000000",11,2,0,4,
"0000000081800000",0,0,4,2,,,,,,,,"000000000040F000",2,6,2,1,,,,,,,,,,,,,,"0000000408180800",5,7,0,1,,,,,,,,,,,,,,"0000C20800000000",8,6,1,4,,"00000000000180E0",9,6,5,0,,,,,,,,"0000003C08000000",11,2,0,3,
"00000020C0000000",0,0,3,3,,,,,,,,"0000000080806010",2,7,3,0,,,,,,,,,,,,,,"0000000000706000",5,0,1,1,,,,,,,,,,,,,,"0000060810000000",8,6,1,3,,"000018E000000000",9,6,3,4,,,,,,,,"00000000F0100000",11,2,1,2,
"0000000040C00000",0,0,3,2,,,,,,,,"00000021E0000000",2,6,2,3,,,,,,,,,,,,,,"000000000060E000",5,2,2,1,,,,,,,,,,,,,,"0000001810100000",8,6,1,2,,"00000000C1C00000",9,6,3,2,,,,,,,,"0000000000F00800",11,2,1,1,
"0001180000000000",0,0,3,5,,,,,,,,"0000000003C04000",2,2,3,1,,,,,,,,,,,,,,"0000000000003038",5,2,2,0,,,,,,,,,,,,,,"0000000060201000",8,6,2,1,,"0000000000C0E000",9,6,3,1,,,,,,,,"0000000000007802",11,2,1,0,
"002C000000000000",0,0,1,7,,,,,,,,"00000001E0400000",2,2,2,2,,,,,,,,,,,,,,"00000031C0000000",5,2,2,3,,,,,,,,,,,,,,"0000000000601004",8,6,2,0,,"000000C380000000",9,6,4,3,,,,,,,,"000000000403C000",11,0,4,1,
"0000008180000000",0,1,4,3,,,,,,,,"0000000001E02000",2,2,2,1,,,,,,,,,,,,,,"0000000061C00000",5,2,2,2,,,,,,,,,,,,,,"000C420000000000",8,6,1,5,,"000000000181C000",9,6,4,1,,,,,,,,"0000000000010078",11,0,3,0,
"0000000101800000",0,1,4,2,,,,,,,,"000000000001E010",2,2,3,0,,,,,,,,,,,,,,"0000041810100000",5,1,1,2,,,,,,,,,,,,,,"0000000438000000",8,7,0,3,,"000000000000C070",9,6,4,0,,,,,,,,"0000030810100000",11,1,0,2,
"0000000002018000",0,1,5,1,,,,,,,,"000000F040000000",2,2,2,3,,,,,,,,,,,,,,"0000000030E00000",5,2,1,2,,,,,,,,,,,,,,"0000000008380000",8,7,0,2,,"0000000000006038",9,6,3,0,,,,,,,,"0000000C10100800",11,1,0,1,
"0000000000010060",0,1,5,0,,,,,,,,"000000000000F008",2,2,2,0,,,,,,,,,,,,,,"0000000000307000",5,2,1,1,,,,,,,,,,,,,,"0000000000081C00",8,7,0,1,,"0000000000607000",9,6,2,1,,,,,,,,"0000000018100802",11,1,0,0,
"0000106000000000",0,1,3,4,,,,,,,,"00000000F0200000",2,2,1,2,,,,,,,,,,,,,,"0000067000000000",5,2,1,4,,,,,,,,,,,,,,"0002E00000000000",8,7,0,6,,"000000000000301C",9,6,2,0,,,,,,,,"00000081E0000000",11,0,2,3,
"00000040C0000000",0,1,3,3,,,,,,,,"00000040C0804000",2,1,3,1,,,,,,,,,,,,,,"00000018E0000000",5,2,1,3,,,,,,,,,,,,,,"0000270000000000",8,7,0,5,,"000DC00000000000",9,6,1,6,,,,,,,,"0000000101E00000",11,0,2,2,
"000000000100C000",0,1,4,1,,,,,,,,"00001E1000000000",2,2,1,4,,,,,,,,,,,,,,"0000000020300802",5,1,1,0,,,,,,,,,,,,,,"0000011C00000000",8,7,0,4,,"00019C0000000000",9,6,2,5,,,,,,,,"00000000000200F0",11,0,4,0,
"0000000000008030",0,1,4,0,,,,,,,,"0000007820000000",2,2,1,3,,,,,,,,,,,,,,"000000000001C0C0",5,0,4,0,,,,,,,,,,,,,,"0000000000000407",8,7,0,0,,"00000030E0000000",9,6,2,3,,,,,,,,"0000000203C00000",11,0,3,2,
"0000000018100000",0,2,0,2,,,,,,,,"0012610000000000",2,3,0,5,,,,,,,,,,,,,,"0000000001838000",5,2,4,1,,,,,,,,,,,,,,"000000C080800000",8,6,4,2,,"0000000060E00000",9,6,2,2,,,,,,,,"000000000201E000",11,0,3,1,
"0000000000180800",0,2,0,1,,,,,,,,"0000010418080000",2,3,0,2,,,,,,,,,,,,,,"000000E300000000",5,0,3,3,,,,,,,,,,,,,,"0000000180804000",8,6,4,1,,"0000000000603008",9,1,2,0,,,,,,,,"000C841000000000",11,1,1,4,
"0000030800000000",0,2,0,4,,,,,,,,"0000000408180400",2,3,0,1,,,,,,,,,,,,,,"00000000000181C0",5,2,5,0,,,,,,,,,,,,,,"0000000001804010",8,6,4,0,,"000CC40000000000",9,1,1,5,,,,,,,,"0000C41020000000",11,1,1,3,
"0000000C10000000",0,2,0,3,,,,,,,,"0002230400000000",2,3,0,4,,,,,,,,,,,,,,"000000000000C0E0",5,2,4,0,,,,,,,,,,,,,,"0000000006010040",8,6,6,0,,"0000C61000000000",9,1,1,4,,,,,,,,"000000000000803C",11,0,2,0,
"0000000000000806",0,0,1,0,,,,,,,,"0000210C08000000",2,3,0,3,,,,,,,,,,,,,,"0000000000C1C000",5,2,3,1,,,,,,,,,,,,,,"0000000301008000",8,6,5,1,,"00000C3040000000",9,1,2,3,,,,,,,,"00000C2040400000",11,1,2,2,
"0000000203000000",0,1,5,2,,,,,,,,"0000000008080C01",2,3,0,0,,,,,,,,,,,,,,"0000000000006070",5,2,3,0,,,,,,,,,,,,,,"0000000003008020",8,6,5,0,,"0000003060400000",9,1,2,2,,,,,,,,"0000003040402000",11,1,2,1,
"0070000000000000",0,0,0,8,,,,,,,,"000000000003C020",2,2,4,0,,,,,,,,,,,,,,"0000001030100800",5,1,1,1,,,,,,,,,,,,,,"0000003040400000",8,2,2,2,,"0000000060602000",9,1,2,1,,,,,,,,"0000000060402008",11,1,2,0,
"0000000004030000",0,1,6,1,,,,,,,,"00000003C0800000",2,2,3,2,,,,,,,,,,,,,,"00000000C3800000",5,2,3,2,,,,,,,,,,,,,,"00000000000200E0",8,1,5,0,,"0000061820000000",9,1,1,3,,,,,,,,"0006420800000000",11,1,0,4,
"0000000080C00000",0,1,3,2,,,,,,,,"0000430810000000",2,1,0,3,,,,,,,,,,,,,,"0000000101804010",5,1,4,0,,,,,,,,,,,,,,"0000000203800000",8,1,4,2,,"0006620000000000",9,1,0,5,,,,,,,,"0000620810000000",11,1,0,3,
"0000041800000000",0,1,1,4,,,,,,,,"0000000007808000",2,2,4,1,,,,,,,,,,,,,,"0000000080C02008",5,1,3,0,,,,,,,,,,,,,,"000000000201C000",8,1,4,1,,"0000630800000000",9,1,0,4,,,,,,,,"0000061020200000",11,1,1,2,
"0000001030000000",0,1,1,3,,,,,,,,"0000083040400000",2,1,2,2,,,,,,,,,,,,,,"00010C1020000000",5,1,2,3,,,,,,,,,,,,,,"0000000018100800",8,2,0,1,,"0000030C10000000",9,1,0,3,,,,,,,,"0000001820201000",11,1,1,1,
"0008C00000000000",0,1,1,6,,,,,,,,"0000002060402000",2,1,2,1,,,,,,,,,,,,,,"0000106040400000",5,1,3,2,,,,,,,,,,,,,,"0000843000000000",8,0,2,4,,"0000001830200000",9,1,1,2,,,,,,,,"0000000030201004",11,1,1,0,
"0000860000000000",0,1,1,5,,,,,,,,"0000000080C04010",2,1,3,0,,,,,,,,,,,,,,"00000040C0402000",5,1,3,1,,,,,,,,,,,,,,"0000000004038000",8,1,5,1,,"0000000030301000",9,1,1,1,,,,,,,,"0000002040406000",11,3,3,1,
"0000000000001006",0,1,1,0,,,,,,,,"00010C2040000000",2,1,2,3,,,,,,,,,,,,,,"0000083020200000",5,1,2,2,,,,,,,,,,,,,,"0000000000010070",8,1,4,0,,"0000000000301804",9,1,1,0,,,,,,,,"0000041020600000",11,3,2,2,
"0000000000101800",0,0,1,1,,,,,,,,"0000000040602008",2,1,2,0,,,,,,,,,,,,,,"0008C20800000000",5,1,1,4,,,,,,,,,,,,,,"0000000000008038",8,1,3,0,,"0000070C00000000",9,2,0,4,,,,,,,,"000000408080C000",11,3,4,1,
"0000000020300000",0,1,1,2,,,,,,,,"0000041820200000",2,1,1,2,,,,,,,,,,,,,,"0000860810000000",5,1,1,3,,,,,,,,,,,,,,"0000107000000000",8,1,2,4,,"0000000000001C03",9,2,0,0,,,,,,,,"0000000080804030",11,3,4,0,
"0000000000201800",0,1,1,1,,,,,,,,"0000001030201000",2,1,1,1,,,,,,,,,,,,,,"0000002060201000",5,1,2,1,,,,,,,,,,,,,,"00000040E0000000",8,1,2,3,,"0000000006030080",9,1,6,0,,,,,,,,"00010820C0000000",11,3,3,3,
"00010C0000000000",0,1,2,5,,,,,,,,"0008C41000000000",2,1,1,4,,,,,,,,,,,,,,"0000000040601004",5,1,2,0,,,,,,,,,,,,,,"00000081C0000000",8,1,3,3,,"0000000303010000",9,1,5,1,,,,,,,,"0000001020203000",11,3,2,1,
"0000083000000000",0,1,2,4,,,,,,,,"0000861020000000",2,1,1,3,,,,,,,,,,,,,,"000000000000181C",5,2,1,0,,,,,,,,,,,,,,"0000000101C00000",8,1,3,2,,"0000001C18000000",9,2,0,3,,,,,,,,"0000000000078020",11,2,5,0,
"0000000000806000",0,1,3,1,,,,,,,,"0000000000F01000",2,2,1,1,,,,,,,,,,,,,,"0000033800000000",5,2,0,4,,,,,,,,,,,,,,"000000000100E000",8,1,3,1,,"0000000038180000",9,2,0,2,,,,,,,,"0000000040402018",11,3,3,0,
"0000000000004018",0,1,3,0,,,,,,,,"0000003C10000000",2,2,0,3,,,,,,,,,,,,,,"0000000C70000000",5,2,0,3,,,,,,,,,,,,,,"0000C41000000000",8,2,1,4,,"0000000000380C00",9,2,0,1,,,,,,,,"0008843000000000",11,3,2,4,
"0000000000403000",0,1,2,1,,,,,,,,"0000000078100000",2,2,0,2,,,,,,,,,,,,,,"0000000007060000",5,0,5,1,,,,,,,,,,,,,,"0000061020000000",8,2,1,3,,"000000C181000000",9,1,4,2,,,,,,,,"0000841060000000",11,3,2,3,
"000000000000200C",0,1,2,0,,,,,,,,"0000000000007804",2,2,1,0,,,,,,,,,,,,,,"00006E0000000000",5,2,0,5,,,,,,,,,,,,,,"0000001820200000",8,2,1,2,,"00000060C0800000",9,1,3,2,,,,,,,,"0000003C40000000",11,4,0,3,
"0000002060000000",0,1,2,3,,,,,,,,"00000F0800000000",2,2,0,4,,,,,,,,,,,,,,"0000000018700000",5,2,0,2,,,,,,,,,,,,,,"0000000060402000",8,2,2,1,,"00000000C0C04000",9,1,3,1,,,,,,,,"0000000078400000",11,4,0,2,
"0000000040600000",0,1,2,2,,,,,,,,"0000000000780800",2,2,0,1,,,,,,,,,,,,,,"0000000203008020",5,1,5,0,,,,,,,,,,,,,,"0000000000602008",8,2,2,0,,"0000000000C06010",9,1,3,0,,,,,,,,"0000008101018000",11,3,5,1,
,,,,,,,,,,,,"0000000101808020",2,1,4,0,,,,,,,,,,,,,,"0000008180804000",5,1,4,1,,,,,,,,,,,,,,"000C840000000000",8,2,1,5,,"0000000181808000",9,1,4,1,,,,,,,,"0000083C00000000",11,0,0,4,
,,,,,,,,,,,,"0000106080800000",2,1,3,2,,,,,,,,,,,,,,"0000000000183800",5,2,0,1,,,,,,,,,,,,,,"0000000030201000",8,2,1,1,,"000000000180C020",9,1,4,0,,,,,,,,"00010F0000000000",11,0,0,5,
,,,,,,,,,,,,"0000000020301004",2,1,1,0,,,,,,,,,,,,,,"0000000000070300",5,0,6,0,,,,,,,,,,,,,,"0000620800000000",8,2,0,4,,"0000186080000000",9,1,3,3,,,,,,,,"00000F2000000000",11,4,0,4,
,,,,,,,,,,,,"0000008181008000",2,1,4,1,,,,,,,,,,,,,,"00000000C0700000",5,4,1,2,,,,,,,,,,,,,,"0000030810000000",8,2,0,3,,"0000000000C07000",9,0,2,1,,,,,,,,"0000000101008060",11,3,5,0,
,,,,,,,,,,,,"0000007840000000",2,4,1,3,,,,,,,,,,,,,,"0001870000000000",5,4,0,5,,,,,,,,,,,,,,"0000000C10100000",8,2,0,2,,"0000003070000000",9,0,1,3,,,,,,,,"0000104081800000",11,3,4,2,
,,,,,,,,,,,,"0000000000007808",2,4,1,0,,,,,,,,,,,,,,"00000C1C00000000",5,4,0,4,,,,,,,,,,,,,,"0000000000301004",8,2,1,0,,"0000000060700000",9,0,1,2,,,,,,,,"0000000000782000",11,4,0,1,
,,,,,,,,,,,,"00000000000100F0",2,0,4,0,,,,,,,,,,,,,,"0000000000C03800",5,4,1,1,,,,,,,,,,,,,,"0000041060000000",8,0,2,3,,"0000000000603800",9,0,1,1,,,,,,,,"000000000000401E",11,0,1,0,
,,,,,,,,,,,,"00000000F0400000",2,4,1,2,,,,,,,,,,,,,,"000000000000600E",5,4,1,0,,,,,,,,,,,,,,"0006420000000000",8,2,0,5,,"000000000000601C",9,0,2,0,,,,,,,,"00000002020100C0",11,3,6,0,
,,,,,,,,,,,,"0000000000F02000",2,4,1,1,,,,,,,,,,,,,,"0000003038000000",5,4,0,3,,,,,,,,,,,,,,"0000000000402018",8,0,3,0,,"00018E0000000000",9,0,1,5,,,,,,,,"0000000007804000",11,2,4,1,
,,,,,,,,,,,,"00000F1000000000",2,4,0,4,,,,,,,,,,,,,,"0000000000003007",5,4,0,0,,,,,,,,,,,,,,"0000000040406000",8,0,3,1,,"00000C3800000000",9,0,1,4,,,,,,,,"000000000001E008",11,2,3,0,
,,,,,,,,,,,,"0000000000781000",2,4,0,1,,,,,,,,,,,,,,"0000000202018020",5,3,5,0,,,,,,,,,,,,,,"00000000020100C0",8,0,6,0,,"000000000000300E",9,0,1,0,,,,,,,,"0000010408180000",11,3,0,2,
,,,,,,,,,,,,"0000041060200000",2,3,2,2,,,,,,,,,,,,,,"0000000060380000",5,4,0,2,,,,,,,,,,,,,,"0000000020380000",8,1,0,2,,"0000000030380000",9,0,0,2,,,,,,,,"0000000408080C00",11,3,0,1,
,,,,,,,,,,,,"0000003C20000000",2,4,0,3,,,,,,,,,,,,,,"0000000000601C00",5,4,0,1,,,,,,,,,,,,,,"0000000000201C00",8,1,0,1,,"0000000000301C00",9,0,0,1,,,,,,,,"0000000008080403",11,3,0,0,
,,,,,,,,,,,,"0000000078200000",2,4,0,2,,,,,,,,,,,,,,"000000000000E060",5,0,3,0,,,,,,,,,,,,,,"0000000000001007",8,1,0,0,,"0000000000001807",9,0,0,0,,,,,,,,"000000F020000000",11,2,2,3,
,,,,,,,,,,,,"0000000007810000",2,4,4,1,,,,,,,,,,,,,,"0000000000018038",5,4,3,0,,,,,,,,,,,,,,"0000002040C00000",8,0,3,2,,"0000C70000000000",9,0,0,5,,,,,,,,"00000001E0200000",11,2,2,2,
,,,,,,,,,,,,"0000000003C08000",2,4,3,1,,,,,,,,,,,,,,"000000C0E0000000",5,4,2,3,,,,,,,,,,,,,,"0000004081800000",8,0,4,2,,"0000061C00000000",9,0,0,4,,,,,,,,"0000000080F00000",11,0,1,2,
,,,,,,,,,,,,"000000000001E020",2,4,3,0,,,,,,,,,,,,,,"0000000301C00000",5,4,3,2,,,,,,,,,,,,,,"000000008080C000",8,0,4,1,,"0000001838000000",9,0,0,3,,,,,,,,"00000003C0400000",11,2,3,2,
,,,,,,,,,,,,"00000083C0000000",2,0,3,3,,,,,,,,,,,,,,"000000000300E000",5,4,3,1,,,,,,,,,,,,,,"0000000000804030",8,0,4,0,,"0000000C18100000",9,1,0,2,,,,,,,,"0000000003C02000",11,2,3,1,
,,,,,,,,,,,,"00000003C1000000",2,4,3,2,,,,,,,,,,,,,,"0000000180E00000",5,4,2,2,,,,,,,,,,,,,,"0000000101018000",8,0,5,1,,"0000000303800000",9,0,4,2,,,,,,,,"0000420830000000",11,3,1,3,
,,,,,,,,,,,,"000000F080000000",2,4,2,3,,,,,,,,,,,,,,"0000183800000000",5,4,1,4,,,,,,,,,,,,,,"0000000001008060",8,0,5,0,,"000000000301C000",9,0,4,1,,,,,,,,"0000020810300000",11,3,1,2,
,,,,,,,,,,,,"000000000000F010",2,4,2,0,,,,,,,,,,,,,,"0000006070000000",5,4,1,3,,,,,,,,,,,,,,"00000820C0000000",8,0,3,3,,"0000000000018070",9,0,4,0,,,,,,,,"0000000000807800",11,0,1,1,
,,,,,,,,,,,,"00001E2000000000",2,4,1,4,,,,,,,,,,,,,,"0000000001807000",5,4,2,1,,,,,,,,,,,,,,"00010E0000000000",8,1,1,5,,"0000000018180800",9,1,0,1,,,,,,,,"000000002020100C",11,3,2,0,
,,,,,,,,,,,,"00000001E0800000",2,4,2,2,,,,,,,,,,,,,,"000000000000C01C",5,4,2,0,,,,,,,,,,,,,,"0000083800000000",8,1,1,4,,"0000000006038000",9,0,5,1,,,,,,,,"0024460000000000",11,3,1,5,
,,,,,,,,,,,,"0000000001E04000",2,4,2,1,,,,,,,,,,,,,,"0000841810000000",5,3,1,3,,,,,,,,,,,,,,"0000002070000000",8,1,1,3,,"00000000000300E0",9,0,5,0,,,,,,,,"0004421800000000",11,3,1,4,
,,,,,,,,,,,,"0000000818100800",2,1,0,1,,,,,,,,,,,,,,"0000000020201802",5,3,1,0,,,,,,,,,,,,,,"0000000080E00000",8,1,2,2,,"000000C1C0000000",9,0,3,3,,,,,,,,"0002210C00000000",11,3,0,4,
,,,,,,,,,,,,"0004460800000000",2,3,1,4,,,,,,,,,,,,,,"0000000001C18000",5,0,3,1,,,,,,,,,,,,,,"0000000000807000",8,1,2,1,,"0000187000000000",9,0,2,4,,,,,,,,"0000210418000000",11,3,0,3,
,,,,,,,,,,,,"0000001020601000",2,3,2,1,,,,,,,,,,,,,,"0000041030100000",5,3,1,2,,,,,,,,,,,,,,"000000000000401C",8,1,2,0,,"00000060E0000000",9,0,2,3,,,,,,,,"0000000810101800",11,3,1,1,
,,,,,,,,,,,,"0000000020203004",2,3,2,0,,,,,,,,,,,,,,"0000001020300800",5,3,1,1,,,,,,,,,,,,,,"0000000040700000",8,1,1,2,,"00000000C0E00000",9,0,2,2,,,,,,,,"0000000010100806",11,3,1,0,
,,,,,,,,,,,,"0000421810000000",2,3,1,3,,,,,,,,,,,,,,"0004430400000000",5,3,0,4,,,,,,,,,,,,,,"0000870000000000",8,1,0,5,,"0000000181C00000",9,0,3,2,,,,,,,,"0052600000000000",11,3,0,6,
,,,,,,,,,,,,"0000000010101802",2,3,1,0,,,,,,,,,,,,,,"0000000810180400",5,3,0,1,,,,,,,,,,,,,,"0000041C00000000",8,1,0,4,,"000000000180E000",9,0,3,1,,,,,,,,,,,,,
,,,,,,,,,,,,"0000020C10100000",2,1,0,2,,,,,,,,,,,,,,"0000000010100C01",5,3,0,0,,,,,,,,,,,,,,"0000001038000000",8,1,0,3,,"000000000000C038",9,0,3,0,,,,,,,,,,,,,
,,,,,,,,,,,,"0000020830100000",2,3,1,2,,,,,,,,,,,,,,"0000420C08000000",5,3,0,3,,,,,,,,,,,,,,"0000000000403800",8,1,1,1,,"00000020C0C00000",9,3,3,2,,,,,,,,,,,,,
,,,,,,,,,,,,"0000000810300800",2,3,1,1,,,,,,,,,,,,,,"0000020818080000",5,3,0,2,,,,,,,,,,,,,,"000000000000200E",8,1,1,0,,"0000043060000000",9,3,2,3,,,,,,,,,,,,,
,,,,,,,,,,,,"0000000207800000",2,0,4,2,,,,,,,,,,,,,,"0000008101804000",5,3,4,1,,,,,,,,,,,,,,"0008E00000000000",8,1,0,6,,"0000001060600000",9,3,2,2,,,,,,,,,,,,,
,,,,,,,,,,,,"0000004081804000",2,3,4,1,,,,,,,,,,,,,,"0000004080C02000",5,3,3,1,,,,,,,,,,,,,,"000000000040200C",8,4,2,0,,"0000000020603000",9,3,2,1,,,,,,,,,,,,,
,,,,,,,,,,,,"000000008080C010",2,3,4,0,,,,,,,,,,,,,,"0000000080806008",5,3,3,0,,,,,,,,,,,,,,"0000000003804000",8,3,4,1,,"0000000040C06000",9,3,3,1,,,,,,,,,,,,,
,,,,,,,,,,,,"0000000101018020",2,3,5,0,,,,,,,,,,,,,,"000000010100C010",5,3,4,0,,,,,,,,,,,,,,"000000000001C010",8,3,4,0,,"0000000000406018",9,3,3,0,,,,,,,,,,,,,
,,,,,,,,,,,,"0000000004078000",2,0,5,1,,,,,,,,,,,,,,"00001040C0400000",5,3,3,2,,,,,,,,,,,,,,"000000E040000000",8,3,3,3,,"00098C0000000000",9,3,2,5,,,,,,,,,,,,,
,,,,,,,,,,,,"00000000000403C0",2,0,6,0,,,,,,,,,,,,,,"0001083020000000",5,3,2,3,,,,,,,,,,,,,,"0000000007008000",8,3,5,1,,"000000000020300C",9,3,2,0,,,,,,,,,,,,,
,,,,,,,,,,,,"0000000040406008",2,3,3,0,,,,,,,,,,,,,,"0000000040403004",5,3,2,0,,,,,,,,,,,,,,"0000000000038020",8,3,5,0,,"0000000830300000",9,3,1,2,,,,,,,,,,,,,
,,,,,,,,,,,,"0000843020000000",2,3,2,3,,,,,,,,,,,,,,"0008860800000000",5,3,1,4,,,,,,,,,,,,,,"0000000380800000",8,3,4,2,,"0000000010301800",9,3,1,1,,,,,,,,,,,,,
,,,,,,,,,,,,"00000820C0400000",2,3,3,2,,,,,,,,,,,,,,"0000082060200000",5,3,2,2,,,,,,,,,,,,,,"00000001C0400000",8,3,3,2,,"0000000000101806",9,3,1,0,,,,,,,,,,,,,
,,,,,,,,,,,,"0000002040C02000",2,3,3,1,,,,,,,,,,,,,,"0000002040601000",5,3,2,1,,,,,,,,,,,,,,"0000007020000000",8,3,2,3,,"002CC00000000000",9,3,1,6,,,,,,,,,,,,,
,,,,,,,,,,,,,,,,,,,,,,,,,,,,,,,,,,,,,,,,,,,,,,,,"00000000E0200000",8,3,2,2,,"0000461800000000",9,3,1,4,,,,,,,,,,,,,
,,,,,,,,,,,,,,,,,,,,,,,,,,,,,,,,,,,,,,,,,,,,,,,,"0000000000E01000",8,3,2,1,,"0000021830000000",9,3,1,3,,,,,,,,,,,,,
,,,,,,,,,,,,,,,,,,,,,,,,,,,,,,,,,,,,,,,,,,,,,,,,"0000000001C02000",8,3,3,1,,"0000000000703000",9,4,1,1,,,,,,,,,,,,,
"153-20",,,,,,"112-19",,,,,,"196-44",,,,,,"36-2-0",,,,,,"99-14",,,,,,"196-37",,,,,,"106-24",,,,,,"28-9-0",,,,,,"000000000000E008",8,3,3,0,,"0000001C30000000",9,4,0,3,,,,,,,,,,,,,
,,,,,,,,,,,,,,,,,,,,,,,,,,,,,,,,,,,,,,,,,,,,,,,,"00001C1000000000",8,3,2,4,,"0000000038300000",9,4,0,2,,,,,,,,,,,,,
,,,,,,,,,,,,,,,,,,,,,,,,,,,,,,,,,,,,,,,,,,,,,,,,"0000001020300000",8,4,1,2,,"0000000000381800",9,4,0,1,,,,,,,,,,,,,
,,,,,,,,,,,,,,,,,,,,,,,,,,,,,,,,,,,,,,,,,,,,,,,,"0000000020201800",8,4,1,1,,"000000000000380C",9,4,1,0,,,,,,,,,,,,,
,,,,,,,,,,,,,,,,,,,,,,,,,,,,,,,,,,,,,,,,,,,,,,,,"0000000000201006",8,4,1,0,,"000EC00000000000",9,4,0,6,,,,,,,,,,,,,
,,,,,,,,,,,,,,,,,,,,,,,,,,,,,,,,,,,,,,,,,,,,,,,,"0008860000000000",8,4,1,5,,"0000071800000000",9,4,0,4,,,,,,,,,,,,,
,,,,,,,,,,,,,,,,,,,,,,,,,,,,,,,,,,,,,,,,,,,,,,,,"0000841800000000",8,4,1,4,,"0000000206030000",9,3,6,1,,,,,,,,,,,,,
,,,,,,,,,,,,,,,,,,,,,,,,,,,,,,,,,,,,,,,,,,,,,,,,"0000041030000000",8,4,1,3,,"000000008180C000",9,3,4,1,,,,,,,,,,,,,
,,,,,,,,,,,,,,,,,,,,,,,,,,,,,,,,,,,,,,,,,,,,,,,,"0004430000000000",8,4,0,5,,"000000000080C030",9,3,4,0,,,,,,,,,,,,,
,,,,,,,,,,,,,,,,,,,,,,,,,,,,,,,,,,,,,,,,,,,,,,,,"0000000010100C00",8,4,0,1,,"0001186000000000",9,3,3,4,,,,,,,,,,,,,
,,,,,,,,,,,,,,,,,,,,,,,,,,,,,,,,,,,,,,,,,,,,,,,,"0000000000100803",8,4,0,0,,"0000008303000000",9,3,5,2,,,,,,,,,,,,,
,,,,,,,,,,,,,,,,,,,,,,,,,,,,,,,,,,,,,,,,,,,,,,,,"000000000020100C",8,0,2,0,,"0000000001018060",9,3,5,0,,,,,,,,,,,,,
,,,,,,,,,,,,,,,,,,,,,,,,,,,,,,,,,,,,,,,,,,,,,,,,"0000420C00000000",8,4,0,4,,"000010C180000000",9,3,4,3,,,,,,,,,,,,,
,,,,,,,,,,,,,,,,,,,,,,,,,,,,,,,,,,,,,,,,,,,,,,,,"0000020818000000",8,4,0,3,,"0000000001C06000",9,2,3,1,,,,,,,,,,,,,
,,,,,,,,,,,,,,,,,,,,,,,,,,,,,,,,,,,,,,,,,,,,,,,,"0000000810180000",8,4,0,2,,"00000000E0600000",9,2,2,2,,,,,,,,,,,,,
,,,,,,,,,,,,,,,,,,,,,,,,,,,,,,,,,,,,,,,,,,,,,,,,"0000001020600000",8,0,2,2,,"0000000000E03000",9,2,2,1,,,,,,,,,,,,,
,,,,,,,,,,,,,,,,,,,,,,,,,,,,,,,,,,,,,,,,,,,,,,,,"000000C101000000",8,2,4,2,,"000000000000700C",9,2,2,0,,,,,,,,,,,,,
,,,,,,,,,,,,,,,,,,,,,,,,,,,,,,,,,,,,,,,,,,,,,,,,"0000000181008000",8,2,4,1,,"000000000000E018",9,2,3,0,,,,,,,,,,,,,
,,,,,,,,,,,,,,,,,,,,,,,,,,,,,,,,,,,,,,,,,,,,,,,,"0000000000001C01",8,3,0,0,,"00001C3000000000",9,2,2,4,,,,,,,,,,,,,
,,,,,,,,,,,,,,,,,,,,,,,,,,,,,,,,,,,,,,,,,,,,,,,,"0000000006020080",8,2,6,0,,"0000007060000000",9,2,2,3,,,,,,,,,,,,,
,,,,,,,,,,,,,,,,,,,,,,,,,,,,,,,,,,,,,,,,,,,,,,,,"0000000302010000",8,2,5,1,,"0001C60000000000",9,2,1,5,,,,,,,,,,,,,
,,,,,,,,,,,,,,,,,,,,,,,,,,,,,,,,,,,,,,,,,,,,,,,,"0000000001808020",8,2,4,0,,"0000000000701800",9,2,1,1,,,,,,,,,,,,,
,,,,,,,,,,,,,,,,,,,,,,,,,,,,,,,,,,,,,,,,,,,,,,,,"0000000000C04010",8,2,3,0,,"0000000000003806",9,2,1,0,,,,,,,,,,,,,
,,,,,,,,,,,,,,,,,,,,,,,,,,,,,,,,,,,,,,,,,,,,,,,,"0001882000000000",8,2,2,4,,"000E600000000000",9,2,0,6,,,,,,,,,,,,,
,,,,,,,,,,,,,,,,,,,,,,,,,,,,,,,,,,,,,,,,,,,,,,,,"00000C2040000000",8,2,2,3,,"00000E1800000000",9,2,1,4,,,,,,,,,,,,,
,,,,,,,,,,,,,,,,,,,,,,,,,,,,,,,,,,,,,,,,,,,,,,,,"0000184080000000",8,2,3,3,,"0000003830000000",9,2,1,3,,,,,,,,,,,,,
,,,,,,,,,,,,,,,,,,,,,,,,,,,,,,,,,,,,,,,,,,,,,,,,"0000006080800000",8,2,3,2,,"0000000070300000",9,2,1,2,,,,,,,,,,,,,
,,,,,,,,,,,,,,,,,,,,,,,,,,,,,,,,,,,,,,,,,,,,,,,,"00000000C0804000",8,2,3,1,,"0076000000000000",9,3,0,7,,,,,,,,,,,,,
,,,,,,,,,,,,,,,,,,,,,,,,,,,,,,,,,,,,,,,,,,,,,,,,"0000003810000000",8,3,1,3,,"0000000418180000",9,3,0,2,,,,,,,,,,,,,
,,,,,,,,,,,,,,,,,,,,,,,,,,,,,,,,,,,,,,,,,,,,,,,,"0000000070100000",8,3,1,2,,"0000000008180C00",9,3,0,1,,,,,,,,,,,,,
,,,,,,,,,,,,,,,,,,,,,,,,,,,,,,,,,,,,,,,,,,,,,,,,"0000000000700800",8,3,1,1,,"0000000000080C03",9,3,0,0,,,,,,,,,,,,,
,,,,,,,,,,,,,,,,,,,,,,,,,,,,,,,,,,,,,,,,,,,,,,,,"0000000000007004",8,3,2,0,,"0002630000000000",9,3,0,5,,,,,,,,,,,,,
,,,,,,,,,,,,,,,,,,,,,,,,,,,,,,,,,,,,,,,,,,,,,,,,"0001C20000000000",8,3,1,5,,"0000230C00000000",9,3,0,4,,,,,,,,,,,,,
,,,,,,,,,,,,,,,,,,,,,,,,,,,,,,,,,,,,,,,,,,,,,,,,"00000E0800000000",8,3,1,4,,"0000010C18000000",9,3,0,3,,,,,,,,,,,,,
,,,,,,,,,,,,,,,,,,,,,,,,,,,,,,,,,,,,,,,,,,,,,,,,"0000000000003802",8,3,1,0,,"0000000007018000",9,2,5,1,,,,,,,,,,,,,
,,,,,,,,,,,,,,,,,,,,,,,,,,,,,,,,,,,,,,,,,,,,,,,,"0000001C08000000",8,3,0,3,,"000000000001C030",9,2,4,0,,,,,,,,,,,,,
,,,,,,,,,,,,,,,,,,,,,,,,,,,,,,,,,,,,,,,,,,,,,,,,"0000000038080000",8,3,0,2,,"000000E0C0000000",9,2,3,3,,,,,,,,,,,,,
,,,,,,,,,,,,,,,,,,,,,,,,,,,,,,,,,,,,,,,,,,,,,,,,"0000000000380400",8,3,0,1,,"00000001C0C00000",9,2,3,2,,,,,,,,,,,,,
,,,,,,,,,,,,,,,,,,,,,,,,,,,,,,,,,,,,,,,,,,,,,,,,"000E200000000000",8,3,0,6,,"0000000000038060",9,2,5,0,,,,,,,,,,,,,
,,,,,,,,,,,,,,,,,,,,,,,,,,,,,,,,,,,,,,,,,,,,,,,,"0000000020203000",8,0,2,1,,"0000000381800000",9,2,4,2,,,,,,,,,,,,,
,,,,,,,,,,,,,,,,,,,,,,,,,,,,,,,,,,,,,,,,,,,,,,,,"0000070400000000",8,3,0,4,,"000000000380C000",9,2,4,1,,,,,,,,,,,,,
,,,,,,,,,,,,,,,,,,,,,,,,,,,,,,,,,,,,,,,,,,,,,,,,,,,,,,,,,,,,,,,,,,,,,,,
,,,,,,,,,,,,,,,,,,,,,,,,,,,,,,,,,,,,,,,,,,,,,,,,,,,,,,,,,,,,,,,,,,,,,,,
,,,,,,,,,,,,,,,,,,,,,,,,,,,,,,,,,,,,,,,,,,,,,,,,"240-30",,,,,,"240-31",,,,,,"56-5-0",,,,,,"182-13",,,,,
